name,datetime,tempmax,tempmin,temp,feelslikemax,feelslikemin,feelslike,dew,humidity,precip,precipprob,precipcover,preciptype,snow,snowdepth,windgust,windspeed,winddir,sealevelpressure,cloudcover,visibility,solarradiation,solarenergy,uvindex,severerisk,sunrise,sunset,moonphase,conditions,description,icon,stations
morocco,2023-01-01,73.4,50,59.6,73.4,49.3,59.6,45.9,63.7,0,0,0,,0,0,13,6.9,221.6,1022.8,23.8,3.7,98,8.5,4,10,2023-01-01T08:32:56,2023-01-01T18:28:51,0.31,Partially cloudy,Partly cloudy throughout the day.,partly-cloudy-day,"60146099999,60120099999,60135099999,F3955,GMME"
morocco,2023-01-02,73.4,44.6,56.2,73.4,43.6,56,45,71.9,0,0,0,,0,0,14.1,9.2,61.9,1023.7,31.8,3.6,118.2,10.3,5,10,2023-01-02T08:33:07,2023-01-02T18:29:37,0.35,Partially cloudy,Partly cloudy throughout the day.,partly-cloudy-day,"60146099999,60120099999,60135099999,F3955,GMME"
morocco,2023-01-03,66.2,46.4,55.7,66.2,46.4,55.7,53.6,93.3,0,0,0,,0,0,20.1,13.9,39.9,1026.5,46.2,2.6,106.8,9.3,5,10,2023-01-03T08:33:17,2023-01-03T18:30:23,0.38,Partially cloudy,Partly cloudy throughout the day.,partly-cloudy-day,"60146099999,60120099999,60135099999,F3955,GMME"
morocco,2023-01-04,69.8,42.8,54.5,69.8,42.8,54.5,49.8,87.5,0.004,100,4.17,rain,0,0,12.5,12.8,75.5,1027.1,50,2.1,114.4,9.6,5,10,2023-01-04T08:33:25,2023-01-04T18:31:11,0.41,"Rain, Partially cloudy",Partly cloudy throughout the day with morning rain.,rain,"60146099999,60120099999,60135099999,F3955,GMME"
morocco,2023-01-05,66.2,42.8,53,66.2,40,52.6,49.3,89.2,0,0,0,,0,0,11.9,5.8,238.9,1024.3,21.3,3.1,120.7,10.5,5,10,2023-01-05T08:33:31,2023-01-05T18:31:59,0.45,Partially cloudy,Partly cloudy throughout the day.,partly-cloudy-day,"60146099999,60120099999,60135099999,F3955,GMME"
morocco,2023-01-06,66.2,42.6,52.3,66.2,41.2,52.2,49.8,92,0,0,0,,0,0,11.4,6.9,263.4,1024.8,43.3,2.1,113.5,9.7,5,10,2023-01-06T08:33:35,2023-01-06T18:32:49,0.48,Partially cloudy,Partly cloudy throughout the day.,partly-cloudy-day,"60146099999,60120099999,60135099999,F3955,GMME"
morocco,2023-01-07,68.2,42.8,52.7,68.2,42.8,52.6,49.3,89.9,0,0,0,,0,0,9.8,8.1,217.2,1026.3,23.4,2.6,121.7,10.7,5,10,2023-01-07T08:33:37,2023-01-07T18:33:39,0.5,Partially cloudy,Partly cloudy throughout the day.,partly-cloudy-day,"60146099999,60120099999,60135099999,F3955,GMME"
morocco,2023-01-08,68,44.6,58.3,68,43.2,58,53,84.3,0.008,100,8.33,rain,0,0,23.5,9.9,236.3,1027.5,54.3,3.8,123.2,10.7,5,10,2023-01-08T08:33:38,2023-01-08T18:34:31,0.55,"Rain, Partially cloudy",Becoming cloudy in the afternoon with rain clearing later.,rain,"60146099999,60120099999,60135099999,F3955,GMME"
morocco,2023-01-09,68,51.8,60.9,68,51.8,60.9,58.1,91.5,0.004,100,4.17,rain,0,0,17.7,9.2,233.3,1028.9,80.6,3.1,55.4,4.9,2,10,2023-01-09T08:33:36,2023-01-09T18:35:23,0.58,"Rain, Partially cloudy",Partly cloudy throughout the day with early morning rain.,rain,"60146099999,60120099999,60135099999,F3955,GMME"
morocco,2023-01-10,69.8,46.4,56.6,69.8,46.4,56.6,53.3,90.3,0,0,0,,0,0,17.9,11.9,47.6,1029.2,22.4,2.9,125.5,10.9,5,10,2023-01-10T08:33:33,2023-01-10T18:36:16,0.62,Partially cloudy,Partly cloudy throughout the day.,partly-cloudy-day,"60146099999,60120099999,60135099999,F3955,GMME"
morocco,2023-01-11,66.2,50,58.8,66.2,50,58.8,54.6,87.6,0,0,0,rain,0,0,17.4,8.1,61,1028.5,85.5,2.8,72.9,6.2,5,10,2023-01-11T08:33:28,2023-01-11T18:37:10,0.65,Partially cloudy,Partly cloudy throughout the day.,partly-cloudy-day,"60146099999,60120099999,60135099999,F3955,GMME"
morocco,2023-01-12,66.2,46.4,56.6,66.2,46.4,56.6,52.7,88.4,0,0,0,rain,0,0,17.9,9.2,50.9,1026.4,77,3.2,111.6,9.6,5,10,2023-01-12T08:33:21,2023-01-12T18:38:04,0.68,Partially cloudy,Partly cloudy throughout the day.,partly-cloudy-day,"60146099999,60120099999,60135099999,F3955,GMME"
morocco,2023-01-13,66.2,42.8,53.5,66.2,41.1,53.4,51.1,92.2,0,0,0,,0,0,16.8,9.2,12.3,1026.1,49.2,3.3,113.1,9.8,5,10,2023-01-13T08:33:12,2023-01-13T18:38:59,0.72,Partially cloudy,Partly cloudy throughout the day.,partly-cloudy-day,"60146099999,60120099999,60135099999,F3955,GMME"
morocco,2023-01-14,64.4,44.6,54,64.4,44.6,53.9,50,87.6,0.004,100,4.17,rain,0,0,14.3,10.7,38.1,1025.8,24.5,3.4,131.8,11.3,5,10,2023-01-14T08:33:01,2023-01-14T18:39:55,0.75,"Rain, Partially cloudy",Partly cloudy throughout the day with morning rain.,rain,"60146099999,60120099999,60135099999,F3955,GMME"
morocco,2023-01-15,64.4,42.8,54,64.4,42.8,54,49.8,87.3,0,0,0,,0,0,17.4,9.2,7.3,1025.7,45.3,3.1,120.8,10.4,5,10,2023-01-15T08:32:48,2023-01-15T18:40:51,0.75,Partially cloudy,Partly cloudy throughout the day.,partly-cloudy-day,"60146099999,60120099999,60135099999,F3955,GMME"
morocco,2023-01-16,62.6,43.1,52.2,62.6,41.5,52,47.6,86,0,0,0,rain,0,0,17.4,10.3,52.3,1025.8,73,3.1,92.2,7.8,4,10,2023-01-16T08:32:34,2023-01-16T18:41:48,0.82,Partially cloudy,Partly cloudy throughout the day.,partly-cloudy-day,"60146099999,60120099999,60135099999,F3955,GMME"
morocco,2023-01-17,62.6,42.8,54.2,62.6,41.1,53.3,50.9,89.2,0.008,100,8.33,rain,0,0,28.9,17.2,232.3,1019.7,74.8,3,76.5,6.6,4,10,2023-01-17T08:32:18,2023-01-17T18:42:45,0.85,"Rain, Partially cloudy",Partly cloudy throughout the day with rain.,rain,"60146099999,60120099999,60135099999,F3955,GMME"
morocco,2023-01-18,60.5,51.8,56.6,60.5,51.8,56.6,51.1,82.8,0.645,100,16.67,rain,0,0,25.3,15,332.3,1019.1,80.5,3.1,74.1,6.2,3,10,2023-01-18T08:32:00,2023-01-18T18:43:43,0.89,"Rain, Partially cloudy",Partly cloudy throughout the day with a chance of rain throughout the day.,rain,"60146099999,60120099999,60135099999,F3955,GMME"
morocco,2023-01-19,60.8,42.8,51.8,60.8,42.8,51.5,45.6,81.9,0.039,100,4.17,rain,0,0,18.1,11.9,47.8,1025,54.6,3.4,141.6,12.3,6,10,2023-01-19T08:31:40,2023-01-19T18:44:41,0.92,"Rain, Partially cloudy",Partly cloudy throughout the day with early morning rain.,rain,"60146099999,60120099999,60135099999,F3955,GMME"
morocco,2023-01-20,64.4,42.8,53.5,64.4,41.7,52.9,46.9,79.9,0,0,0,,0,0,13.6,8.1,204.2,1024.3,75,3.7,135.5,11.8,6,10,2023-01-20T08:31:18,2023-01-20T18:45:39,0.95,Partially cloudy,Partly cloudy throughout the day.,partly-cloudy-day,"60146099999,60120099999,60135099999,F3955,GMME"
morocco,2023-01-21,63.9,50,55.7,63.9,50,55.7,53.9,94.1,0.039,100,4.17,rain,0,0,14.8,9.2,231.3,1021.1,76.5,3.5,80.8,6.9,4,10,2023-01-21T08:30:55,2023-01-21T18:46:38,0,"Rain, Partially cloudy",Partly cloudy throughout the day with morning rain.,rain,"60146099999,60120099999,60135099999,F3955,GMME"
morocco,2023-01-22,62.6,46.4,54.8,62.6,46.3,54.7,51.9,91,0.004,100,4.17,rain,0,0,15.2,6.9,42.1,1020.1,64.9,3.6,110.5,9.5,5,10,2023-01-22T08:30:29,2023-01-22T18:47:37,0.02,"Rain, Partially cloudy",Partly cloudy throughout the day with morning rain.,rain,"60146099999,60120099999,60135099999,F3955,GMME"
morocco,2023-01-23,60.1,33.9,45.7,60.1,31.1,45.2,38.9,80,0,0,0,,0,0,17,11.4,32.9,1018.7,1.5,3.1,146.5,12.7,6,10,2023-01-23T08:30:02,2023-01-23T18:48:36,0.05,Clear,Clear conditions throughout the day.,clear-day,"60146099999,60120099999,60135099999,F3955,GMME"
morocco,2023-01-24,57.2,33.8,44.4,57.2,32.9,44.3,37.9,81.9,0,0,0,,0,0,17.2,10.3,16.1,1018.2,22.4,3.2,147.3,12.6,6,10,2023-01-24T08:29:34,2023-01-24T18:49:35,0.09,Partially cloudy,Partly cloudy throughout the day.,partly-cloudy-day,"60146099999,60120099999,60135099999,F3955,GMME"
morocco,2023-01-25,58.7,37.4,46.2,58.7,32,45.6,38.5,78.9,0,0,0,,0,0,17.4,10.3,65.1,1020,44.7,3.4,145,12.6,6,10,2023-01-25T08:29:03,2023-01-25T18:50:34,0.12,Partially cloudy,Partly cloudy throughout the day.,partly-cloudy-day,"60146099999,60120099999,60135099999,F3955,GMME"
morocco,2023-01-26,60.8,33.8,47.6,60.8,30.9,47.3,38.9,75.6,0.004,100,4.17,rain,0,0,31.1,16.1,287.6,1021.8,28,3.2,149.4,13.1,6,10,2023-01-26T08:28:31,2023-01-26T18:51:34,0.15,"Rain, Partially cloudy",Partly cloudy throughout the day with morning rain.,rain,"60146099999,60120099999,60135099999,F3955,GMME"
morocco,2023-01-27,57.2,44.6,51.1,57.2,41.5,49.3,45.7,84.3,0.417,100,12.5,rain,0,0,20.6,19.5,234.8,1016.9,72,3.3,125,10.8,6,10,2023-01-27T08:27:57,2023-01-27T18:52:33,0.19,"Rain, Partially cloudy",Partly cloudy throughout the day with rain.,rain,"60146099999,60120099999,60135099999,F3955,GMME"
morocco,2023-01-28,57.2,35.6,47.5,57.2,35.6,45.6,41.9,82.8,0.016,100,4.17,rain,0,0,26.4,14.8,203,1017.5,64.1,3.1,108.1,9.4,5,10,2023-01-28T08:27:22,2023-01-28T18:53:33,0.25,"Rain, Partially cloudy",Partly cloudy throughout the day with morning rain.,rain,"60146099999,60120099999,60135099999,F3955,GMME"
morocco,2023-01-29,59,35.6,46.8,59,31.7,45.1,37.3,72.6,0,0,0,,0,0,10.1,9.2,90.9,1018.9,42.6,3.1,151.8,13,6,10,2023-01-29T08:26:44,2023-01-29T18:54:33,0.25,Partially cloudy,Partly cloudy throughout the day.,partly-cloudy-day,"60146099999,60120099999,60135099999,F3955,GMME"
morocco,2023-01-30,59.2,35.6,49.1,59.2,35.6,48.5,40.6,74.9,0,0,0,,0,0,17.2,8.1,104.7,1020,55.9,3.4,171.5,14.8,7,10,2023-01-30T08:26:06,2023-01-30T18:55:32,0.29,Partially cloudy,Partly cloudy throughout the day.,partly-cloudy-day,"60146099999,60120099999,60135099999,GMME"
morocco,2023-01-31,68,41.3,52.7,68,37.4,51.3,39.1,65.5,0,0,0,,0,0,15.9,9.2,81.9,1023.1,21.9,3.1,167,14.5,7,10,2023-01-31T08:25:25,2023-01-31T18:56:32,0.32,Partially cloudy,Partly cloudy throughout the day.,partly-cloudy-day,"60146099999,60120099999,60135099999,F3955,GMME"
morocco,2023-02-01,62.6,32,47,62.6,32,46.7,42,85.4,0,0,0,,0,0,15.7,6.9,281.7,1024.1,2.1,3.1,155.7,13.4,6,10,2023-02-01T08:24:43,2023-02-01T18:57:31,0.36,Clear,Clear conditions throughout the day.,clear-day,"60146099999,60120099999,60135099999,F3955,GMME"
morocco,2023-02-02,64.4,35.6,48.6,64.4,35,47.8,39.6,76.3,0.004,100,4.17,rain,0,0,18.8,10.3,57.6,1024.7,3.9,3.7,163.7,14.1,6,10,2023-02-02T08:24:00,2023-02-02T18:58:30,0.39,Rain,Clear conditions throughout the day with morning rain.,rain,"60146099999,60120099999,60135099999,F3955,GMME"
morocco,2023-02-03,66.2,35.6,50.2,66.2,34.7,48.7,38.2,67.7,0,0,0,,0,0,24.2,13.9,95.1,1025.2,0,3.7,166.2,14.3,6,10,2023-02-03T08:23:15,2023-02-03T18:59:30,0.42,Clear,Clear conditions throughout the day.,clear-day,"60146099999,60120099999,60135099999,F3955,GMME"
morocco,2023-02-04,64.4,35.6,49.9,64.4,32.7,48.5,38.3,67.4,0,0,0,,0,0,14.3,13.9,86.9,1025.6,0.1,3.7,164.1,14.3,6,10,2023-02-04T08:22:28,2023-02-04T19:00:29,0.46,Clear,Clear conditions throughout the day.,clear-day,"60146099999,60120099999,60135099999,F3955,GMME"
morocco,2023-02-05,60.8,35.3,47.7,60.8,32.5,47.1,42.3,83.6,0,0,0,,0,0,12.5,5.9,248.1,1025.1,12,3.2,135.3,11.8,5,10,2023-02-05T08:21:41,2023-02-05T19:01:27,0.5,Clear,Clear conditions throughout the day.,clear-day,"60146099999,60120099999,60135099999,F3955,GMME"
morocco,2023-02-06,60.9,37.4,48.2,60.9,35,47.5,44.8,89.2,0,0,0,,0,0,16.6,5.8,258.3,1020.8,30.4,3.2,162.5,14.1,6,10,2023-02-06T08:20:51,2023-02-06T19:02:26,0.52,Partially cloudy,Partly cloudy throughout the day.,partly-cloudy-day,"60146099999,60120099999,60135099999,F3955,GMME"
morocco,2023-02-07,62.8,41,50.4,62.8,37.9,49.8,45.7,85.9,0.008,100,8.33,rain,0,0,19.5,7.3,237.2,1016.4,38.6,3,128.1,11.1,5,10,2023-02-07T08:20:00,2023-02-07T19:03:24,0.56,"Rain, Partially cloudy",Partly cloudy throughout the day with rain clearing later.,rain,"60146099999,60120099999,60135099999,F3955,GMME"
morocco,2023-02-08,62.6,48.2,55.6,62.6,45,55.2,48.6,78.7,0,0,0,rain,0,0,24.2,17.2,224.5,1018,65.9,3.1,116.4,10.1,6,10,2023-02-08T08:19:08,2023-02-08T19:04:22,0.59,Partially cloudy,Partly cloudy throughout the day.,partly-cloudy-day,"60146099999,60120099999,60135099999,F3955,GMME"
morocco,2023-02-09,67.7,44.6,56.3,67.7,44.6,56.1,48.7,78.4,0,0,0,,0,0,15.4,12.8,39.4,1021.3,26.7,3.1,168.5,14.6,6,10,2023-02-09T08:18:15,2023-02-09T19:05:20,0.63,Partially cloudy,Partly cloudy throughout the day.,partly-cloudy-day,"60146099999,60120099999,60135099999,F3955,GMME"
morocco,2023-02-10,62.6,49.7,57.8,62.6,47.4,57.7,41.5,55.4,0,0,0,,0,0,30,16.1,108.3,1020.2,71.1,3.4,66.1,5.8,4,10,2023-02-10T08:17:20,2023-02-10T19:06:18,0.66,Partially cloudy,Partly cloudy throughout the day.,partly-cloudy-day,"60146099999,60120099999,60135099999,F3955,GMME"
morocco,2023-02-11,71.6,51.8,60.4,71.6,51.8,60.4,42.2,52.7,0,0,0,,0,0,17.9,11.4,89.2,1019.9,44.5,4.3,166.8,14.5,6,10,2023-02-11T08:16:24,2023-02-11T19:07:15,0.7,Partially cloudy,Partly cloudy throughout the day.,partly-cloudy-day,"60146099999,60120099999,60135099999,F3955,GMME"
morocco,2023-02-12,75.2,51.8,61.9,75.2,51.8,61.9,43.7,54.5,0,0,0,,0,0,20.4,15,92.2,1021.9,28.8,3.7,166.8,14.5,6,10,2023-02-12T08:15:27,2023-02-12T19:08:12,0.73,Partially cloudy,Partly cloudy throughout the day.,partly-cloudy-day,"60146099999,60120099999,60135099999,F3955,GMME"
morocco,2023-02-13,71.6,41,57.1,71.6,37.7,56.7,44.3,65.2,0,0,0,,0,0,13.6,6.9,85.4,1021.8,36.2,3.8,134.7,11.6,6,10,2023-02-13T08:14:28,2023-02-13T19:09:09,0.75,Partially cloudy,Partly cloudy throughout the day.,partly-cloudy-day,"60146099999,60120099999,60135099999,F3955,GMME"
morocco,2023-02-14,70.1,55.4,61.1,70.1,55.4,61.1,53.5,78.4,0,0,0,rain,0,0,19,7.7,247.7,1022.1,62.3,3.3,115.9,10.1,6,10,2023-02-14T08:13:28,2023-02-14T19:10:05,0.8,Partially cloudy,Partly cloudy throughout the day.,partly-cloudy-day,"60146099999,60120099999,60135099999,F3955,GMME"
morocco,2023-02-15,65.8,56.9,60.3,65.8,56.9,60.3,55.8,86.6,0.035,100,8.33,rain,0,0,16.3,9.2,263.5,1019.6,85,3.2,103.5,8.9,5,10,2023-02-15T08:12:28,2023-02-15T19:11:01,0.83,"Rain, Partially cloudy",Partly cloudy throughout the day with rain clearing later.,rain,"60146099999,60120099999,60135099999,F3955,GMME"
morocco,2023-02-16,66.2,53.6,58.2,66.2,53.6,58.2,55.1,90.7,0.142,100,8.33,rain,0,0,17,9.2,124,1020.1,83.8,3.1,135.1,11.7,5,10,2023-02-16T08:11:25,2023-02-16T19:11:57,0.87,"Rain, Partially cloudy",Partly cloudy throughout the day with rain.,rain,"60146099999,60120099999,60135099999,GMME"
morocco,2023-02-17,69.6,50,60.3,69.6,50,60.3,52.3,76.4,0,0,0,,0,0,12.3,8.1,81.4,1017.2,77,3.1,54.8,4.6,2,10,2023-02-17T08:10:22,2023-02-17T19:12:52,0.9,Partially cloudy,Partly cloudy throughout the day.,partly-cloudy-day,"60146099999,60120099999,60135099999,F3955,GMME"
morocco,2023-02-18,77,48.2,60.9,77,48.2,60.9,50.1,72.3,0,0,0,rain,0,0,15.9,9.2,73.9,1018.4,70.4,3,125.2,10.8,5,10,2023-02-18T08:09:18,2023-02-18T19:13:47,0.94,Partially cloudy,Partly cloudy throughout the day.,partly-cloudy-day,"60146099999,60120099999,60135099999,F3955,GMME"
morocco,2023-02-19,74.7,53.6,62.1,74.7,53.6,62.1,53,74.9,0,0,0,,0,0,14.5,10,353.5,1017.4,38.4,3,120.5,10.4,4,10,2023-02-19T08:08:13,2023-02-19T19:14:42,0.97,Partially cloudy,Partly cloudy throughout the day.,partly-cloudy-day,"60146099999,60120099999,60135099999,F3955,GMME"
morocco,2023-02-20,78.1,48.2,60.8,78.1,46.3,60.7,49.4,71.5,0,0,0,,0,0,20.6,10.2,161.3,1016.9,20.2,3.1,138.5,12,5,10,2023-02-20T08:07:07,2023-02-20T19:15:36,0,Partially cloudy,Partly cloudy throughout the day.,partly-cloudy-day,"60146099999,60120099999,60135099999,F3955,GMME"
morocco,2023-02-21,68,44.6,55.9,68,44.6,55.8,53.9,93.7,0,0,0,,0,0,19.2,10.3,1.8,1018,34.5,2.9,162.1,14.1,6,10,2023-02-21T08:05:59,2023-02-21T19:16:30,0.04,Partially cloudy,Partly cloudy throughout the day.,partly-cloudy-day,"60146099999,60120099999,60135099999,F3955,GMME"
morocco,2023-02-22,66.3,48.2,57.8,66.3,48.2,57.8,54.4,89.7,0,0,0,,0,0,17.7,11.4,13.6,1018.1,66.6,2.4,172.8,15,6,10,2023-02-22T08:04:51,2023-02-22T19:17:24,0.07,Partially cloudy,Partly cloudy throughout the day.,partly-cloudy-day,"60146099999,60120099999,60135099999,F3955,GMME"
morocco,2023-02-23,64.4,44.6,54.3,64.4,44.6,54.3,48.6,82.8,0,0,0,rain,0,0,21.5,16.1,17.9,1013.6,78.7,2.5,135.6,11.8,5,10,2023-02-23T08:03:42,2023-02-23T19:18:17,0.1,Partially cloudy,Partly cloudy throughout the day.,partly-cloudy-day,"60146099999,60120099999,60135099999,F3955,GMME"
morocco,2023-02-24,60.5,43,53.7,60.5,41.4,53.6,44.2,72.6,0.004,100,4.17,rain,0,0,23,11.4,333.4,1011.5,77.7,3.1,118.4,10.2,6,10,2023-02-24T08:02:32,2023-02-24T19:19:10,0.14,"Rain, Partially cloudy",Partly cloudy throughout the day with morning rain.,rain,"60146099999,60120099999,60135099999,F3955,GMME"
morocco,2023-02-25,60.8,44.6,52.5,60.8,40.7,50.8,49.2,89.1,0.696,100,12.5,rain,0,0,33.2,19.7,245.1,1012.3,90.7,3.1,101.4,8.7,5,10,2023-02-25T08:01:21,2023-02-25T19:20:02,0.17,"Rain, Overcast",Cloudy skies throughout the day with rain.,rain,"60146099999,60120099999,60135099999,F3955,GMME"
morocco,2023-02-26,62.6,51.8,55.8,62.6,51.8,55.8,54,93.8,1.016,100,16.67,rain,0,0,32.4,13.9,236.9,1010.9,89.1,3.1,76.7,6.6,4,10,2023-02-26T08:00:10,2023-02-26T19:20:55,0.2,"Rain, Partially cloudy",Partly cloudy throughout the day with a chance of rain throughout the day.,rain,"60146099999,60120099999,60135099999,F3955,GMME"
morocco,2023-02-27,62.6,48.2,56,62.6,48.2,56,51.4,85.6,0.008,100,4.17,rain,0,0,26.4,12.8,274.1,1016.6,82.1,3.3,126.5,10.9,6,10,2023-02-27T07:58:57,2023-02-27T19:21:46,0.25,"Rain, Partially cloudy",Partly cloudy throughout the day with afternoon rain.,rain,"60146099999,60120099999,60135099999,F3955,GMME"
morocco,2023-02-28,60.8,51.8,56.8,60.8,51.8,56.8,53.4,88.7,0.28,100,8.33,rain,0,0,23.9,15,249.6,1019.8,78.5,3.2,104.7,9.1,4,10,2023-02-28T07:57:44,2023-02-28T19:22:38,0.27,"Rain, Partially cloudy",Partly cloudy throughout the day with rain.,rain,"60146099999,60120099999,60135099999,F3955,GMME"
morocco,2023-03-01,62.6,51.8,57.2,62.6,51.8,57.2,47.8,71.4,0,0,0,rain,0,0,20.8,13.4,289.7,1018.7,56.3,3.1,156.5,13.4,7,10,2023-03-01T07:56:30,2023-03-01T19:23:29,0.3,Partially cloudy,Partly cloudy throughout the day.,partly-cloudy-day,"60146099999,60120099999,60135099999,F3955,GMME"
morocco,2023-03-02,59,53.6,55.9,59,53.6,55.9,53,90.4,0.039,100,4.17,rain,0,0,12.8,9.2,243.8,1018.7,92.3,2.7,91.5,7.9,6,10,2023-03-02T07:55:16,2023-03-02T19:24:20,0.33,"Rain, Overcast",Cloudy skies throughout the day with morning rain.,rain,"60146099999,60120099999,60135099999,F3955,GMME"
morocco,2023-03-03,64.1,46.4,56.8,64.1,46.4,56.8,51.4,83.9,0,0,0,,0,0,19,10.3,38.3,1017.8,70.1,3.1,93.8,8.1,4,10,2023-03-03T07:54:01,2023-03-03T19:25:10,0.37,Partially cloudy,Partly cloudy throughout the day.,partly-cloudy-day,"60135099999,F3955,GMME"
morocco,2023-03-04,62.6,39.2,51.3,62.6,39.2,51.3,43.8,79.1,0,0,0,,0,0,16.8,11.4,12.9,1017.9,37.4,3.1,196.8,17.1,7,10,2023-03-04T07:52:45,2023-03-04T19:26:01,0.4,Partially cloudy,Partly cloudy throughout the day.,partly-cloudy-day,"60146099999,60120099999,60135099999,F3955,GMME"
morocco,2023-03-05,64.4,42.6,53.6,64.4,41.1,53.4,48.1,84.2,0,0,0,,0,0,18.3,6.9,294.8,1016.9,12,3.3,186.3,16,7,10,2023-03-05T07:51:28,2023-03-05T19:26:50,0.43,Clear,Clear conditions throughout the day.,clear-day,"60146099999,60120099999,60135099999,F3955,GMME"
morocco,2023-03-06,68,46.4,59,68,45.2,59,51.6,78,0,0,0,,0,0,19.7,10.3,244.9,1016.1,35.8,3.3,209.1,18,8,10,2023-03-06T07:50:11,2023-03-06T19:27:40,0.46,Partially cloudy,Partly cloudy throughout the day.,partly-cloudy-day,"60146099999,60120099999,60135099999,F3955,GMME"
morocco,2023-03-07,69.8,53.6,61.6,69.8,53.6,61.6,57.9,88.7,0,0,0,,0,0,17.7,9.2,249,1016.9,54.4,3.7,180.9,15.5,6,10,2023-03-07T07:48:54,2023-03-07T19:28:29,0.5,Partially cloudy,Partly cloudy throughout the day.,partly-cloudy-day,"60146099999,60120099999,60135099999,F3955,GMME"
morocco,2023-03-08,66.2,50,57.1,66.2,50,57.1,55.3,94.1,0,0,0,,0,0,15.9,8,358.8,1017.6,45.4,2.8,207.2,17.8,7,10,2023-03-08T07:47:36,2023-03-08T19:29:18,0.53,Partially cloudy,Partly cloudy throughout the day.,partly-cloudy-day,"60146099999,60120099999,60135099999,F3955,GMME"
morocco,2023-03-09,71.6,46.2,58.7,71.6,46.2,58.7,55.4,89.9,0,0,0,,0,0,14.5,9.2,5.5,1020.8,60.5,2.6,159.5,13.9,6,10,2023-03-09T07:46:17,2023-03-09T19:30:07,0.57,Partially cloudy,Partly cloudy throughout the day.,partly-cloudy-day,"60146099999,60120099999,60135099999,F3955,GMME"
morocco,2023-03-10,71.5,50,59.8,71.5,50,59.8,56.6,90.2,0.004,100,4.17,rain,0,0,22.4,13.9,39.6,1023.5,37.2,3.5,221.9,18.9,7,10,2023-03-10T07:44:58,2023-03-10T19:30:55,0.6,"Rain, Partially cloudy",Partly cloudy throughout the day with morning rain.,rain,"60146099999,60120099999,60135099999,F3955,GMME"
morocco,2023-03-11,68,46.8,57.9,68,46.8,57.8,55.5,92.6,0,0,0,,0,0,20.4,13.9,23.3,1023.9,37.2,3.2,225.3,19.4,8,10,2023-03-11T07:43:39,2023-03-11T19:31:44,0.64,Partially cloudy,Clearing in the afternoon.,partly-cloudy-day,"60146099999,60120099999,60135099999,F3955,GMME"
morocco,2023-03-12,78.8,48.2,60.1,78.8,48.2,60.1,55.6,87.1,0.008,100,4.17,rain,0,0,15.4,10.3,24.4,1019.5,17.8,4.3,233.1,20,8,10,2023-03-12T07:42:19,2023-03-12T19:32:32,0.67,Rain,Clear conditions throughout the day with late afternoon rain.,rain,"60146099999,60120099999,60135099999,F3955,GMME"
morocco,2023-03-13,69.8,46.4,58.3,69.8,46.4,58.3,54.5,88.6,0,0,0,,0,0,20.6,13.9,330,1020.1,44.9,3,191.4,16.6,8,10,2023-03-13T07:40:59,2023-03-13T19:33:19,0.71,Partially cloudy,Partly cloudy throughout the day.,partly-cloudy-day,"60146099999,60120099999,60135099999,F3955,GMME"
morocco,2023-03-14,69.7,48.2,59.5,69.7,48.2,59.5,53.5,82.1,0,0,0,,0,0,27.7,17.2,48.3,1020.7,46.1,3.4,224.7,19.5,8,10,2023-03-14T07:39:39,2023-03-14T19:34:07,0.74,Partially cloudy,Partly cloudy throughout the day.,partly-cloudy-day,"60146099999,60120099999,60135099999,F3955,GMME"
morocco,2023-03-15,69.8,40.8,55.6,69.8,40.8,55.6,49.5,82.5,0,0,0,,0,0,15.7,9.2,2.9,1013.8,12.3,3.3,218.5,19,8,10,2023-03-15T07:38:18,2023-03-15T19:34:54,0.75,Clear,Clear conditions throughout the day.,clear-day,"60146099999,60120099999,60135099999,F3955,GMME"
morocco,2023-03-16,68,42.8,56.3,68,42.8,56.2,53.3,90.8,0,0,0,,0,0,21.9,9.2,271.5,1011.9,44.4,2.6,229,19.8,8,10,2023-03-16T07:36:57,2023-03-16T19:35:41,0.81,Partially cloudy,Partly cloudy throughout the day.,partly-cloudy-day,"60146099999,60120099999,60135099999,F3955,GMME"
morocco,2023-03-17,66.2,50,59.4,66.2,50,59.4,54.7,85.9,0,0,0,rain,0,0,21.9,11.4,346.6,1016.9,66.2,3.4,181,15.6,6,10,2023-03-17T07:35:36,2023-03-17T19:36:28,0.85,Partially cloudy,Partly cloudy throughout the day.,partly-cloudy-day,"60146099999,60120099999,60135099999,F3955,GMME"
morocco,2023-03-18,64.4,50,57.7,64.4,50,57.7,52.8,85,0,0,0,rain,0,0,26.4,11.4,8.5,1018.8,68.6,3.5,195,17,9,10,2023-03-18T07:34:15,2023-03-18T19:37:15,0.88,Partially cloudy,Partly cloudy throughout the day.,partly-cloudy-day,"60146099999,60120099999,60135099999,F3955,GMME"
morocco,2023-03-19,66.2,41,55.2,66.2,39.1,55,50.6,86.2,0,0,0,,0,0,21.9,15,9.1,1018.3,36.8,4.5,213,19.1,9,10,2023-03-19T06:32:53,2023-03-19T18:38:01,0.92,Partially cloudy,Partly cloudy throughout the day.,partly-cloudy-day,"60146099999,60120099999,60135099999,F3955,GMME"
morocco,2023-03-20,77,42.8,61.8,77,42.8,61.5,44.5,61.5,0,0,0,,0,0,27.7,19.7,76.8,1015.7,0.5,4,249,21.6,8,10,2023-03-20T06:31:31,2023-03-20T18:38:48,0.96,Clear,Clear conditions throughout the day.,clear-day,"60146099999,60120099999,60135099999,F3955,GMME"
morocco,2023-03-21,68,41.7,57.3,68,41.7,57.3,49.7,78.5,0,0,0,,0,0,18.8,10.3,7.6,1015.4,10.9,4.1,245.2,21.4,8,10,2023-03-21T06:30:10,2023-03-21T18:39:34,0,Clear,Clear conditions throughout the day.,clear-day,"60146099999,60120099999,60135099999,F3955,GMME"
morocco,2023-03-22,69.8,44.6,56.6,69.8,44.6,56.5,52.3,87.3,0.004,100,4.17,rain,0,0,18.6,9.2,326.3,1015.1,29.9,3.2,240.4,20.9,8,10,2023-03-22T06:28:48,2023-03-22T18:40:20,0.03,"Rain, Partially cloudy",Partly cloudy throughout the day with morning rain.,rain,"60146099999,60120099999,60135099999,F3955,GMME"
morocco,2023-03-23,69.8,43,57.9,69.8,41.4,57.7,53.8,87.9,0.004,100,4.17,rain,0,0,20.6,10.3,2.4,1015.9,34.2,2.8,241.4,20.7,8,10,2023-03-23T06:27:26,2023-03-23T18:41:06,0.06,"Rain, Partially cloudy",Clearing in the afternoon with morning rain.,rain,"60146099999,60120099999,60135099999,F3955,GMME"
morocco,2023-03-24,68,42.8,56.2,68,42.8,56.2,51.4,85.5,0,0,0,,0,0,23.3,13.9,26.7,1020.8,22.6,3.2,249.4,21.5,9,10,2023-03-24T06:26:04,2023-03-24T18:41:52,0.09,Partially cloudy,Clearing in the afternoon.,partly-cloudy-day,"60146099999,60120099999,60135099999,F3955,GMME"
morocco,2023-03-25,69.8,45,58,69.8,45,58,54.6,90.2,0.004,100,4.17,rain,0,0,19.5,11.4,5.9,1021.1,38.7,2.7,249,21.5,8,10,2023-03-25T06:24:42,2023-03-25T18:42:38,0.12,"Rain, Partially cloudy",Clearing in the afternoon with morning rain.,rain,"60146099999,60120099999,60135099999,F3955,GMME"
morocco,2023-03-26,69.8,46.4,58.8,69.8,46.4,58.8,55.5,89.5,0,0,0,,0,0,21.7,11.4,11.4,1020.6,52.4,2,233.8,20.4,8,10,2023-03-26T06:23:20,2023-03-26T18:43:24,0.15,Partially cloudy,Partly cloudy throughout the day.,partly-cloudy-day,"60146099999,60120099999,60135099999,F3955,GMME"
morocco,2023-03-27,70,45.5,57.6,70,44.4,57.6,54,89.2,0,0,0,,0,0,18.8,10.3,352.3,1018,26.8,3.1,246,21.4,8,10,2023-03-27T06:21:58,2023-03-27T18:44:09,0.19,Partially cloudy,Partly cloudy throughout the day.,partly-cloudy-day,"60146099999,60120099999,60135099999,F3955,GMME"
morocco,2023-03-28,73.4,39.2,57.8,73.4,39.2,57.7,51.7,82.5,0.004,100,4.17,rain,0,0,17.7,12.8,1.5,1016.8,15.4,2.9,252.5,21.9,8,10,2023-03-28T06:20:37,2023-03-28T18:44:55,0.22,Rain,Clear conditions throughout the day with early morning rain.,rain,"60146099999,60120099999,60135099999,F3955,GMME"
morocco,2023-03-29,78.8,44.6,61.7,78.8,44.6,61.7,53.2,78.5,0,0,0,,0,0,19.7,7,318,1018.9,13.8,3,249.4,21.5,8,10,2023-03-29T06:19:15,2023-03-29T18:45:40,0.25,Clear,Clear conditions throughout the day.,clear-day,"60146099999,60120099999,60135099999,F3955,GMME"
morocco,2023-03-30,82.4,51.8,64.4,80.5,51.8,64.3,56.2,78.3,0.004,100,4.17,rain,0,0,24.2,15,31.1,1024.5,47.4,4.4,240.9,21,8,10,2023-03-30T06:17:54,2023-03-30T18:46:26,0.28,"Rain, Partially cloudy",Partly cloudy throughout the day with early morning rain.,rain,"60146099999,60120099999,60135099999,F3955,GMME"
morocco,2023-03-31,71.6,44.5,58.7,71.6,44.5,58.5,54.2,86.7,0,0,0,,0,0,22.4,14.9,17.1,1024.7,43.6,3.6,253.5,22.1,8,10,2023-03-31T06:16:32,2023-03-31T18:47:11,0.32,Partially cloudy,Partly cloudy throughout the day.,partly-cloudy-day,"60146099999,60120099999,60135099999,remote,F3955,GMME"
morocco,2023-04-01,71.3,46.4,61.5,71.3,46.4,61.5,55.5,83.2,0,0,0,,0,0,23.3,13.9,20,1024.5,42.9,3.6,227.5,19.8,9,10,2023-04-01T06:15:11,2023-04-01T18:47:57,0.35,Partially cloudy,Clearing in the afternoon.,partly-cloudy-day,"60146099999,60120099999,60135099999,F3955,GMME"
morocco,2023-04-02,69.8,46.4,58.7,69.8,46.4,58.7,54.7,88,0,0,0,,0,0,25.5,17.2,14.7,1021.1,51.7,3.1,249.1,21.4,8,10,2023-04-02T06:13:50,2023-04-02T18:48:42,0.38,Partially cloudy,Partly cloudy throughout the day.,partly-cloudy-day,"60146099999,60120099999,60135099999,F3955,GMME"
morocco,2023-04-03,69.4,44.4,58.4,69.4,43.2,58.3,54,86.9,0,0,0,,0,0,20.6,11.4,336.4,1014.3,33,3.5,263.2,22.6,8,10,2023-04-03T06:12:30,2023-04-03T18:49:28,0.41,Partially cloudy,Partly cloudy throughout the day.,partly-cloudy-day,"60146099999,60120099999,60135099999,F3955,GMME"
morocco,2023-04-04,67.7,48.2,59.2,67.7,47.3,59.1,55.8,89.6,0.118,100,4.17,rain,0,0,21.9,12.8,328.7,1009.8,59.6,3.3,153.3,13.1,8,10,2023-04-04T06:11:10,2023-04-04T18:50:13,0.45,"Rain, Partially cloudy",Partly cloudy throughout the day with late afternoon rain.,rain,"60146099999,60120099999,60135099999,F3955,GMME"
morocco,2023-04-05,83.8,51.4,68.1,81,51.4,67.7,41.4,49.9,0,0,0,,0,0,47.4,31.4,75.2,1003.9,64.7,3.1,296.5,25.5,9,10,2023-04-05T06:09:50,2023-04-05T18:50:59,0.48,Partially cloudy,Partly cloudy throughout the day.,wind,"60146099999,60120099999,60135099999,GMME"
morocco,2023-04-06,75.2,53.6,66.5,75.2,53.6,66.5,42.9,45.5,0,0,0,,0,0,28.9,15,45.8,1008.1,62.4,3.1,294.9,25.4,9,10,2023-04-06T06:08:30,2023-04-06T18:51:44,0.5,Partially cloudy,Partly cloudy throughout the day.,partly-cloudy-day,"60146099999,60120099999,60135099999,GMME"
morocco,2023-04-07,71.6,46.5,59.9,71.6,46.5,59.9,52.5,80,0,0,0,,0,0,18.1,8.1,334.2,1010.3,10.9,3.1,298.6,25.7,9,10,2023-04-07T06:07:11,2023-04-07T18:52:29,0.55,Clear,Clear conditions throughout the day.,clear-day,"60146099999,60120099999,60135099999,GMME"
morocco,2023-04-08,77,48.2,66.4,77,48.2,66.4,52.9,67.2,0,0,0,rain,0,0,26.4,16.1,246.3,1013.5,32.1,2.8,285.6,24.7,9,10,2023-04-08T06:05:52,2023-04-08T18:53:15,0.58,Partially cloudy,Clearing in the afternoon.,partly-cloudy-day,"60146099999,60120099999,60135099999,GMME"
morocco,2023-04-09,80.6,55.1,68.2,79.5,55.1,68.1,51.6,58,0,0,0,,0,0,25.7,16.1,24.5,1018,7.9,3.1,296,25.6,9,10,2023-04-09T06:04:34,2023-04-09T18:54:00,0.62,Clear,Clear conditions throughout the day.,clear-day,"60146099999,60120099999,60135099999,GMME"
morocco,2023-04-10,71.6,50,61.4,71.6,50,61.4,57.1,87.2,0,0,0,,0,0,22.8,11.4,342.5,1022.2,17.8,3,300.3,26.2,9,10,2023-04-10T06:03:16,2023-04-10T18:54:46,0.65,Clear,Clear conditions throughout the day.,clear-day,"60146099999,60120099999,60135099999,GMME"
morocco,2023-04-11,75,45,60.3,75,45,60.3,54.6,84.5,0,0,0,,0,0,20.4,10.3,0.2,1021.9,22.1,3.1,288.6,25.1,10,10,2023-04-11T06:01:58,2023-04-11T18:55:32,0.69,Partially cloudy,Partly cloudy throughout the day.,partly-cloudy-day,"60146099999,60120099999,60135099999,F3955,GMME"
morocco,2023-04-12,69.8,46.4,60.1,69.8,46.4,60.1,53.7,80.7,0,0,0,,0,0,22.4,11.4,342.6,1019.7,67.9,3.5,260.6,22.7,10,10,2023-04-12T06:00:41,2023-04-12T18:56:17,0.73,Partially cloudy,Partly cloudy throughout the day.,partly-cloudy-day,"60146099999,60120099999,60135099999,F3955,GMME"
morocco,2023-04-13,66.2,42.8,59.4,66.2,42.8,59.4,52.3,78.6,0,0,0,rain,0,0,27.7,17.2,17.6,1020,44.6,3.4,212.3,18.4,8,10,2023-04-13T05:59:25,2023-04-13T18:57:03,0.75,Partially cloudy,Partly cloudy throughout the day.,partly-cloudy-day,"60146099999,60120099999,60135099999,F3955,GMME"
morocco,2023-04-14,68,39.2,56.4,68,39.2,56.4,49.6,80.5,0,0,0,,0,0,24.4,18.3,16,1019.6,0.3,3.5,284.3,24.3,9,10,2023-04-14T05:58:09,2023-04-14T18:57:49,0.8,Clear,Clear conditions throughout the day.,clear-day,"60146099999,60120099999,60135099999,F3955,GMME"
morocco,2023-04-15,71.6,44.6,58.9,71.6,43.2,58.7,52.5,81.7,0,0,0,,0,0,24.6,18.3,16.3,1018,0.8,3.6,277.3,24,9,10,2023-04-15T05:56:54,2023-04-15T18:58:35,0.83,Clear,Clear conditions throughout the day.,clear-day,"60146099999,60120099999,60135099999,F3955,GMME"
morocco,2023-04-16,78.8,44.4,62.4,78.8,44.4,62.4,51.7,73,0,0,0,,0,0,23.3,18.3,10.5,1010.5,0.6,3.8,282.2,24.4,9,10,2023-04-16T05:55:39,2023-04-16T18:59:21,0.87,Clear,Clear conditions throughout the day.,clear-day,"60146099999,60120099999,60135099999,F3955,GMME"
morocco,2023-04-17,80.6,49.7,64.8,79.9,49.7,64.7,53.7,72.9,0,0,0,,0,0,18.6,12.8,347.9,1005.4,0.3,4,279.4,24.2,8,10,2023-04-17T05:54:25,2023-04-17T19:00:07,0.9,Clear,Clear conditions throughout the day.,clear-day,"60146099999,60120099999,60135099999,F3955,GMME"
morocco,2023-04-18,73.4,52,64.3,73.4,52,64.3,58.3,83,0,0,0,,0,0,21.9,12.7,298.1,1003.7,26.9,3.1,260.3,22.4,8,10,2023-04-18T05:53:12,2023-04-18T19:00:53,0.94,Partially cloudy,Partly cloudy throughout the day.,partly-cloudy-day,"60146099999,60120099999,60135099999,F3955,GMME"
morocco,2023-04-19,69.8,64.3,66.1,69.8,64.3,66.1,61.7,86.1,0,0,0,,0,0,28.4,17.2,255.8,1006.8,81.4,3,254.3,22.1,10,10,2023-04-19T05:52:00,2023-04-19T19:01:39,0.98,Partially cloudy,Partly cloudy throughout the day.,partly-cloudy-day,"60146099999,60120099999,60135099999,F3955,GMME"
morocco,2023-04-20,71.3,60.7,65.6,71.3,60.7,65.6,58.7,79.5,0,0,0,rain,0,0,27.7,15,258.1,1010,66,3.3,258.1,22.4,9,10,2023-04-20T05:50:48,2023-04-20T19:02:25,0,Partially cloudy,Partly cloudy throughout the day.,partly-cloudy-day,"60146099999,60120099999,60135099999,F3955,GMME"
morocco,2023-04-21,69.8,51.8,62.8,69.8,51.8,62.8,54.3,75.7,0,0,0,rain,0,0,23.3,10.3,308,1010.2,50,3.7,263.9,22.9,8,10,2023-04-21T05:49:37,2023-04-21T19:03:12,0.04,Partially cloudy,Partly cloudy throughout the day.,partly-cloudy-day,"60146099999,60120099999,60135099999,F3955,GMME"
morocco,2023-04-22,71.6,48.2,61.8,71.6,47.3,61.8,55.5,81.8,0,0,0,,0,0,22.6,11.4,346.1,1013.1,28.2,3.2,272,23.4,9,10,2023-04-22T05:48:26,2023-04-22T19:03:58,0.07,Partially cloudy,Partly cloudy throughout the day.,partly-cloudy-day,"60146099999,60120099999,60135099999,F3955,GMME"
morocco,2023-04-23,71.6,53.6,64.3,71.6,53.6,64.3,57,78.8,0,0,0,,0,0,24.8,14.3,19.6,1014.5,38.5,3.2,291.5,24,9,10,2023-04-23T06:47:17,2023-04-23T20:04:44,0.11,Partially cloudy,Partly cloudy throughout the day.,partly-cloudy-day,"60146099999,60120099999,60135099999,F3955,GMME"
morocco,2023-04-24,75.5,48.2,63,75.5,48.2,62.9,55.4,79.4,0,0,0,,0,0,21.9,10.3,1.1,1014.7,13.6,3.5,290,25.2,9,10,2023-04-24T06:46:09,2023-04-24T20:05:31,0.14,Clear,Clear conditions throughout the day.,clear-day,"60146099999,60120099999,60135099999,F3955,GMME"
morocco,2023-04-25,82.4,46.8,65.1,82.1,46.8,65.1,54.6,72.9,0,0,0,,0,0,19,10.3,3.9,1014,0,3.4,289.3,25,9,10,2023-04-25T06:45:01,2023-04-25T20:06:17,0.17,Clear,Clear conditions throughout the day.,clear-day,"60146099999,60120099999,60135099999,F3955,GMME"
morocco,2023-04-26,93.2,49.8,72.5,89.8,49.8,71.7,51.2,55.3,0,0,0,,0,0,24.2,13.9,9.5,1011.4,0.6,3.7,283,24.2,9,10,2023-04-26T06:43:54,2023-04-26T20:07:04,0.2,Clear,Clear conditions throughout the day.,clear-day,"60146099999,60120099999,60135099999,F3955,GMME"
morocco,2023-04-27,89.6,60.4,72.9,86.4,60.4,72.5,59.5,68.8,0,0,0,,0,0,19,13.9,335.1,1010.8,25.6,3.7,263.9,22.8,8,10,2023-04-27T06:42:48,2023-04-27T20:07:51,0.25,Partially cloudy,Clearing in the afternoon.,partly-cloudy-day,"60146099999,60120099999,60135099999,F3955,GMME"
morocco,2023-04-28,75.2,60.8,68.2,75.2,60.8,68.2,64.9,89.7,0,0,0,,0,0,23.7,13.9,277.5,1013.6,73,3,231,20,8,10,2023-04-28T06:41:43,2023-04-28T20:08:37,0.27,Partially cloudy,Partly cloudy throughout the day.,partly-cloudy-day,"60146099999,60120099999,60135099999,F3955,GMME"
morocco,2023-04-29,77,64.4,69.8,77,64.4,69.8,63.2,81.5,0,0,0,rain,0,0,23.5,12.8,326,1018.4,51.3,3.4,279.1,24.1,9,10,2023-04-29T06:40:39,2023-04-29T20:09:24,0.3,Partially cloudy,Partly cloudy throughout the day.,partly-cloudy-day,"60146099999,60120099999,60135099999,F3955,GMME"
morocco,2023-04-30,71.9,53.6,65.3,71.9,53.6,65.3,61.6,88.5,0,0,0,,0,0,25.7,10.3,344.6,1016.6,56.5,3.1,228.8,19.8,9,10,2023-04-30T06:39:37,2023-04-30T20:10:11,0.33,Partially cloudy,Partly cloudy throughout the day.,partly-cloudy-day,"60146099999,60120099999,60135099999,F3955,GMME"
morocco,2023-05-01,74.6,50.1,65.6,74.6,50.1,65.6,58.6,79.5,0,0,0,,0,0,21.7,12.7,0.1,1014.9,34.4,3.1,294.8,25.4,9,10,2023-05-01T06:38:35,2023-05-01T20:10:57,0.36,Partially cloudy,Partly cloudy throughout the day.,partly-cloudy-day,"60146099999,60120099999,60135099999,F3955,GMME"
